{"eval_loss": 0.8278889656066895, "eval_accuracy": 0.6171509623527527, "eval_runtime": 16.7356, "eval_samples_per_second": 588.088, "eval_steps_per_second": 73.556}