{"eval_loss": 0.32661888003349304, "eval_accuracy": 0.88345867395401, "eval_runtime": 17.0661, "eval_samples_per_second": 576.699, "eval_steps_per_second": 72.131}