{"eval_loss": 1.1077767610549927, "eval_accuracy": 0.3861003816127777, "eval_runtime": 17.1999, "eval_samples_per_second": 572.212, "eval_steps_per_second": 71.57}