{"eval_loss": 0.35260090231895447, "eval_accuracy": 0.8722820281982422, "eval_runtime": 17.2425, "eval_samples_per_second": 570.799, "eval_steps_per_second": 71.393}