{"eval_loss": 0.8536156415939331, "eval_accuracy": 0.6266002655029297, "eval_runtime": 16.722, "eval_samples_per_second": 588.565, "eval_steps_per_second": 73.616}